_id,LOKASI,KAB_KOTA,PAGU
1,01 DKI JAKARTA,01 00 DKI JAKARTA,52049668124000
2,01 DKI JAKARTA,01 51 KOTA JAKARTA PUSAT,329474392308000
3,01 DKI JAKARTA,01 52 KOTA JAKARTA UTARA,4415607228000
4,01 DKI JAKARTA,01 53 KOTA JAKARTA BARAT,4997506878000
5,01 DKI JAKARTA,01 54 KOTA JAKARTA SELATAN,170023682638000
6,01 DKI JAKARTA,01 55 KOTA JAKARTA TIMUR,33760086083000
7,01 DKI JAKARTA,01 56 KEPULAUAN SERIBU,73399515000
8,01 DKI JAKARTA,01 99 INSTANSI PUSAT,723340864000
9,02 JAWA BARAT,02 00 JAWA BARAT,3316965552000
10,02 JAWA BARAT,02 05 KAB. BOGOR,4530368925000
11,02 JAWA BARAT,02 06 KAB. SUKABUMI,654219785000
12,02 JAWA BARAT,02 07 KAB. CIANJUR,822897121000
13,02 JAWA BARAT,02 08 KAB. BEKASI,1118292302000
14,02 JAWA BARAT,02 09 KAB. KARAWANG,958957501000
15,02 JAWA BARAT,02 10 KAB. PURWAKARTA,475019911000
16,02 JAWA BARAT,02 11 KAB. SUBANG,1613016887000
17,02 JAWA BARAT,02 12 KAB. BANDUNG,666551038000
18,02 JAWA BARAT,02 13 KAB. SUMEDANG,909102918000
19,02 JAWA BARAT,02 14 KAB. G A R U T,1084240460000
20,02 JAWA BARAT,02 15 KAB. TASIKMALAYA,815621765000
21,02 JAWA BARAT,02 16 KAB. CIAMIS,437835406000
22,02 JAWA BARAT,02 17 KAB. CIREBON,631240135000
23,02 JAWA BARAT,02 18 KAB. KUNINGAN,486514048000
24,02 JAWA BARAT,02 19 KAB. INDRAMAYU,583675098000
25,02 JAWA BARAT,02 20 KAB. MAJALENGKA,489362418000
26,02 JAWA BARAT,02 21 KAB. BANDUNG BARAT,705256185000
27,02 JAWA BARAT,02 22 KAB. PANGANDARAN,194128613000
28,02 JAWA BARAT,02 51 KOTA BANDUNG,19018705466000
29,02 JAWA BARAT,02 52 KOTA BOGOR,2189220628000
30,02 JAWA BARAT,02 53 KOTA SUKABUMI,462566004000
31,02 JAWA BARAT,02 54 KOTA CIREBON,2663450522000
32,02 JAWA BARAT,02 57 KOTA BEKASI,997389722000
33,02 JAWA BARAT,02 58 KOTA DEPOK,893547677000
34,02 JAWA BARAT,02 60 KOTA TASIKMALAYA,645294082000
35,02 JAWA BARAT,02 61 KOTA CIMAHI,1206307779000
36,02 JAWA BARAT,02 62 KOTA BANJAR,683344688000
37,03 JAWA TENGAH,03 00 JAWA TENGAH,3283793859000
38,03 JAWA TENGAH,03 01 KAB. SEMARANG,305265954000
39,03 JAWA TENGAH,03 02 KAB. KENDAL,314505153000
40,03 JAWA TENGAH,03 03 KAB. DEMAK,439093401000
41,03 JAWA TENGAH,03 04 KAB. GROBOGAN,569072220000
42,03 JAWA TENGAH,03 05 KAB. PEKALONGAN,314036360000
43,03 JAWA TENGAH,03 06 KAB. BATANG,327243819000
44,03 JAWA TENGAH,03 07 KAB. TEGAL,367701275000
45,03 JAWA TENGAH,03 08 KAB. BREBES,414799064000
46,03 JAWA TENGAH,03 09 KAB. PATI,561138708000
47,03 JAWA TENGAH,03 10 KAB. KUDUS,456933616000
48,03 JAWA TENGAH,03 11 KAB. PEMALANG,371919816000
49,03 JAWA TENGAH,03 12 KAB. JEPARA,405651725000
50,03 JAWA TENGAH,03 13 KAB. REMBANG,266244821000
51,03 JAWA TENGAH,03 14 KAB. BLORA,590460531000
52,03 JAWA TENGAH,03 15 KAB. BANYUMAS,2035882123000
53,03 JAWA TENGAH,03 16 KAB. CILACAP,885956225000
54,03 JAWA TENGAH,03 17 KAB. PURBALINGGA,402789192000
55,03 JAWA TENGAH,03 18 KAB. BANJARNEGARA,352128017000
56,03 JAWA TENGAH,03 19 KAB. MAGELANG,495501843000
57,03 JAWA TENGAH,03 20 KAB. TEMANGGUNG,346715103000
58,03 JAWA TENGAH,03 21 KAB. WONOSOBO,387936827000
59,03 JAWA TENGAH,03 22 KAB. PURWOREJO,312900125000
60,03 JAWA TENGAH,03 23 KAB. KEBUMEN,434005910000
61,03 JAWA TENGAH,03 24 KAB. KLATEN,874167732000
62,03 JAWA TENGAH,03 25 KAB. BOYOLALI,465449964000
63,03 JAWA TENGAH,03 26 KAB. SRAGEN,411880159000
64,03 JAWA TENGAH,03 27 KAB. SUKOHARJO,1523134650000
65,03 JAWA TENGAH,03 28 KAB. KARANGANYAR,838839129000
66,03 JAWA TENGAH,03 29 KAB. WONOGIRI,343269218000
67,03 JAWA TENGAH,03 51 KOTA SEMARANG,18166860155000
68,03 JAWA TENGAH,03 52 KOTA SALATIGA,560283602000
69,03 JAWA TENGAH,03 53 KOTA PEKALONGAN,368439226000
70,03 JAWA TENGAH,03 54 KOTA TEGAL,638234827000
71,03 JAWA TENGAH,03 55 KOTA MAGELANG,1230656155000
72,03 JAWA TENGAH,03 56 KOTA SURAKARTA,2884718506000
73,04 DI YOGYAKARTA,04 00 DI YOGYAKARTA,2943682929000
74,04 DI YOGYAKARTA,04 01 KAB. BANTUL,782545313000
75,04 DI YOGYAKARTA,04 02 KAB. SLEMAN,3365507410000
76,04 DI YOGYAKARTA,04 03 KAB. GUNUNGKIDUL,389665640000
77,04 DI YOGYAKARTA,04 04 KAB. KULONPROGO,395554265000
78,04 DI YOGYAKARTA,04 51 KOTA YOGYAKARTA,7421131062000
79,05 JAWA TIMUR,05 00 JAWA TIMUR,3610285995000
80,05 JAWA TIMUR,05 01 KAB. GRESIK,454468978000
81,05 JAWA TIMUR,05 02 KAB. MOJOKERTO,422753890000
82,05 JAWA TIMUR,05 03 KAB. SIDOARJO,3639894458000
83,05 JAWA TIMUR,05 04 KAB. JOMBANG,603161936000
84,05 JAWA TIMUR,05 05 KAB. SAMPANG,310432391000
85,05 JAWA TIMUR,05 06 KAB. PAMEKASAN,592036693000
86,05 JAWA TIMUR,05 07 KAB. SUMENEP,519284169000
87,05 JAWA TIMUR,05 08 KAB. BANGKALAN,628558737000
88,05 JAWA TIMUR,05 09 KAB. BONDOWOSO,344149612000
89,05 JAWA TIMUR,05 10 KAB. SITUBONDO,372049352000
90,05 JAWA TIMUR,05 11 KAB. BANYUWANGI,837121919000
91,05 JAWA TIMUR,05 12 KAB. JEMBER,2321275645000
92,05 JAWA TIMUR,05 13 KAB. MALANG,1177309980000
93,05 JAWA TIMUR,05 14 KAB. PASURUAN,561979466000
94,05 JAWA TIMUR,05 15 KAB. PROBOLINGGO,327588889000
95,05 JAWA TIMUR,05 16 KAB. LUMAJANG,341601352000
96,05 JAWA TIMUR,05 17 KAB. KEDIRI,490398310000
97,05 JAWA TIMUR,05 18 KAB. TULUNGAGUNG,770930600000
98,05 JAWA TIMUR,05 19 KAB. NGANJUK,487886588000
99,05 JAWA TIMUR,05 20 KAB. TRENGGALEK,304943969000
100,05 JAWA TIMUR,05 21 KAB. BLITAR,382165866000
101,05 JAWA TIMUR,05 22 KAB. MADIUN,411187320000
102,05 JAWA TIMUR,05 23 KAB. NGAWI,396560759000
103,05 JAWA TIMUR,05 24 KAB. MAGETAN,354382656000
104,05 JAWA TIMUR,05 25 KAB. PONOROGO,535647795000
105,05 JAWA TIMUR,05 26 KAB. PACITAN,245840078000
106,05 JAWA TIMUR,05 27 KAB. BOJONEGORO,483984490000
107,05 JAWA TIMUR,05 28 KAB. TUBAN,420214087000
108,05 JAWA TIMUR,05 29 KAB. LAMONGAN,446062556000
109,05 JAWA TIMUR,05 51 KOTA SURABAYA,17501286653000
110,05 JAWA TIMUR,05 52 KOTA MOJOKERTO,626312171000
111,05 JAWA TIMUR,05 53 KOTA MALANG,4217769538000
112,05 JAWA TIMUR,05 54 KOTA PASURUAN,232073484000
113,05 JAWA TIMUR,05 55 KOTA PROBOLINGGO,175360613000
114,05 JAWA TIMUR,05 56 KOTA BLITAR,230187238000
115,05 JAWA TIMUR,05 57 KOTA KEDIRI,800274088000
116,05 JAWA TIMUR,05 58 KOTA MADIUN,1373499785000
117,05 JAWA TIMUR,05 59 KOTA BATU,876941560000
118,06 ACEH,06 00 ACEH,1060778957000
119,06 ACEH,06 01 KAB. ACEH BESAR,790470507000
120,06 ACEH,06 02 KAB. P I D I E,455290795000
121,06 ACEH,06 03 KAB. ACEH UTARA,692174431000
122,06 ACEH,06 04 KAB. ACEH TIMUR,345556090000
123,06 ACEH,06 05 KAB. ACEH SELATAN,260053890000
124,06 ACEH,06 06 KAB. ACEH BARAT,300746751000
125,06 ACEH,06 07 KAB. ACEH TENGAH,441131617000
126,06 ACEH,06 08 KAB. ACEH TENGGARA,241930162000
127,06 ACEH,06 09 KAB. SIMEULEU,145098728000
128,06 ACEH,06 10 KAB. ACEH SINGKIL,124453626000
129,06 ACEH,06 11 KAB. BIREUN,433811317000
130,06 ACEH,06 12 KAB. ACEH BARAT DAYA,169291551000
131,06 ACEH,06 13 KAB. ACEH GAYO LUES,113111615000
132,06 ACEH,06 14 KAB. ACEH JAYA,132605811000
133,06 ACEH,06 15 KAB. NAGAN RAYA,163156324000
134,06 ACEH,06 16 KAB. ACEH TAMIANG,213497993000
135,06 ACEH,06 17 KAB. BENER MERIAH,166922686000
136,06 ACEH,06 18 KAB. PIDIE JAYA,211112868000
137,06 ACEH,06 51 KOTA BANDA ACEH,7659642185000
138,06 ACEH,06 52 KOTA SABANG,287647970000
139,06 ACEH,06 53 KOTA LANGSA,480652908000
140,06 ACEH,06 54 KOTA LHOKSEUMAWE,1467773607000
141,06 ACEH,06 55 KOTA  MEULABOH,607157393000
142,06 ACEH,06 56 KOTA SUMBULUSSALAM,97525052000
143,07 SUMATERA UTARA,07 00 SUMATERA UTARA,3101454786000
144,07 SUMATERA UTARA,07 01 KAB. DELISERDANG,776853777000
145,07 SUMATERA UTARA,07 02 KAB. KARO,208343801000
146,07 SUMATERA UTARA,07 03 KAB. LANGKAT,424078261000
147,07 SUMATERA UTARA,07 04 KAB. TAPANULI TENGAH,217664343000
148,07 SUMATERA UTARA,07 05 KAB. SIMALUNGUN,308686656000
149,07 SUMATERA UTARA,07 06 KAB. LABUHANBATU,303076468000
150,07 SUMATERA UTARA,07 07 KAB. D A I R I,157281675000
151,07 SUMATERA UTARA,07 08 KAB. TAPANULI UTARA,270022407000
152,07 SUMATERA UTARA,07 09 KAB. TAPANULI SELATAN,227416790000
153,07 SUMATERA UTARA,07 10 KAB. ASAHAN,311374735000
154,07 SUMATERA UTARA,07 11 KAB. N  I  A  S,290582448000
155,07 SUMATERA UTARA,07 12 KAB. SAMOSIR,95943287000
156,07 SUMATERA UTARA,07 13 KAB. MANDAILING NATAL,371954844000
157,07 SUMATERA UTARA,07 14 KAB. NIAS SELATAN,137806864000
158,07 SUMATERA UTARA,07 15 KAB. PAKPAK BARAT,64779275000
159,07 SUMATERA UTARA,07 16 KAB. HUMBANG HASUNDUTAN,130310303000
160,07 SUMATERA UTARA,07 17 KAB. TOBA SAMOSIR,201711674000
161,07 SUMATERA UTARA,07 20 KAB. SERDANG BEDAGAI,225557020000
162,07 SUMATERA UTARA,07 21 KAB. BATUBARA,152842600000
163,07 SUMATERA UTARA,07 22 KAB. PADANG LAWAS,184202081000
164,07 SUMATERA UTARA,07 23 KAB. PADANG LAWAS UTARA,119861039000
165,07 SUMATERA UTARA,07 24 KAB. LABUHAN BATU SELATAN,116790041000
166,07 SUMATERA UTARA,07 25 KAB. LABUHAN BATU UTARA,91926610000
167,07 SUMATERA UTARA,07 26 KAB. NIAS UTARA,47026569000
168,07 SUMATERA UTARA,07 27 KAB. NIAS BARAT,52340386000
169,07 SUMATERA UTARA,07 51 KOTA MEDAN,12706697831000
170,07 SUMATERA UTARA,07 52 KOTA TEBINGTINGGI,435779505000
171,07 SUMATERA UTARA,07 53 KOTA B I N J A I,275753659000
172,07 SUMATERA UTARA,07 54 KOTA PEMATANGSIANTAR,385405434000
173,07 SUMATERA UTARA,07 55 KOTA TANJUNGBALAI,206147069000
174,07 SUMATERA UTARA,07 56 KOTA SIBOLGA,652588999000
175,07 SUMATERA UTARA,07 57 KOTA PADANG SIDEMPUAN,251208594000
176,07 SUMATERA UTARA,07 61 KOTA GUNUNG SITOLI,108411407000
177,08 SUMATERA BARAT,08 00 SUMATERA BARAT,1278297876000
178,08 SUMATERA BARAT,08 01 KAB. A G A M,290498249000
179,08 SUMATERA BARAT,08 02 KAB. PASAMAN,182160430000
180,08 SUMATERA BARAT,08 03 KAB. LIMA PULUH KOTA,356779797000
181,08 SUMATERA BARAT,08 04 KAB. S O L O K,241766003000
182,08 SUMATERA BARAT,08 05 KAB. PADANG PARIAMAN,372361490000
183,08 SUMATERA BARAT,08 06 KAB. PESISIR SELATAN,283267302000
184,08 SUMATERA BARAT,08 07 KAB. TANAH DATAR,443171628000
185,08 SUMATERA BARAT,08 08 KAB. SAWAHLUNTO,8363742000
186,08 SUMATERA BARAT,08 09 KAB. KEPULAUAN MENTAWAI,100176946000
187,08 SUMATERA BARAT,08 10 KAB. DHARMAS RAYA,133316329000
188,08 SUMATERA BARAT,08 11 KAB. SOLOK SELATAN,128299426000
189,08 SUMATERA BARAT,08 12 KAB. PASAMAN BARAT,206602456000
190,08 SUMATERA BARAT,08 13 KAB. SIJUNJUNG,85710377000
191,08 SUMATERA BARAT,08 14 KAB. SAWAHLUNTO SIJUNJUNG,58374262000
192,08 SUMATERA BARAT,08 51 KOTA BUKITTINGGI,516456191000
193,08 SUMATERA BARAT,08 52 KOTA PADANG PANJANG,311914250000
194,08 SUMATERA BARAT,08 53 KOTA S O L O K,120807861000
195,08 SUMATERA BARAT,08 54 KOTA SAWAHLUNTO,117176214000
196,08 SUMATERA BARAT,08 55 KOTA PADANG,6078102104000
197,08 SUMATERA BARAT,08 56 KOTA PAYAKUMBUH,203757898000
198,08 SUMATERA BARAT,08 57 KOTA PARIAMAN,215213604000
199,08 SUMATERA BARAT,08 59 KOTA PAINAN,42000000000
200,09 RIAU,09 00 RIAU,784017724000
201,09 RIAU,09 01 KAB. KAMPAR,324804065000
202,09 RIAU,09 02 KAB. BENGKALIS,448386903000
203,09 RIAU,09 04 KAB. INDRAGIRI HULU,221894105000
204,09 RIAU,09 05 KAB. INDRAGIRI HILIR,358521616000
205,09 RIAU,09 06 KAB. PELALAWAN,181790089000
206,09 RIAU,09 07 KAB. ROKAN HULU,206667277000
207,09 RIAU,09 08 KAB. ROKAN HILIR,255158475000
208,09 RIAU,09 09 KAB. SIAK,256086244000
209,09 RIAU,09 12 KAB. KUANTAN SINGINGI,193817532000
210,09 RIAU,09 13 KAB. KEPULAUAN MERANTI,156764523000
211,09 RIAU,09 51 KOTA PEKANBARU,4884134149000
212,09 RIAU,09 53 KOTA DUMAI,351516193000
213,09 RIAU,09 54 KOTA RENGAT,4751638000
214,09 RIAU,09 55 OTORITA BATAM,19475899000
215,10 JAMBI,10 00 JAMBI,1403949190000
216,10 JAMBI,10 01 KAB. BATANGHARI,258779676000
217,10 JAMBI,10 02 KAB. TANJUNG JABUNG BARAT,190329637000
218,10 JAMBI,10 03 KAB. BUNGO,246973717000
219,10 JAMBI,10 04 KAB. SAROLANGUN,197257593000
220,10 JAMBI,10 05 KAB. KERINCI,402544221000
221,10 JAMBI,10 06 KAB. MERANGIN,227130689000
222,10 JAMBI,10 07 KAB. TANJUNG JABUNG TIMUR,190918189000
223,10 JAMBI,10 08 KAB. T E B O,181069971000
224,10 JAMBI,10 09 KAB. MUARO JAMBI,277227172000
225,10 JAMBI,10 51 KOTA JAMBI,5247730974000
226,10 JAMBI,10 52 KOTA SUNGAI PENUH,92095710000
227,11 SUMATERA SELATAN,11 00 SUMATERA SELATAN,3254239272000
228,11 SUMATERA SELATAN,11 03 KAB. MUSI BANYU ASIN,243186041000
229,11 SUMATERA SELATAN,11 04 KAB. OGAN KOMERING ULU,252808386000
230,11 SUMATERA SELATAN,11 05 KAB. MUARA ENIM,357425147000
231,11 SUMATERA SELATAN,11 06 KAB.LAHAT,267102369000
232,11 SUMATERA SELATAN,11 07 KAB. MUSI RAWAS,184616755000
233,11 SUMATERA SELATAN,11 08 KAB. OGAN KOMERING ILIR,291115883000
234,11 SUMATERA SELATAN,11 09 KAB. BANYUASIN,357564383000
235,11 SUMATERA SELATAN,11 10 KAB. OKU TIMUR,225536564000
236,11 SUMATERA SELATAN,11 11 KAB. OKU SELATAN,168030894000
237,11 SUMATERA SELATAN,11 12 KAB. OGAN ILIR,219919817000
238,11 SUMATERA SELATAN,11 16 KAB. BATU RAJA,58767610000
239,11 SUMATERA SELATAN,11 17 KAB. EMPAT LAWANG,115877891000
240,11 SUMATERA SELATAN,11 18 KAB. PENUKAL ABAB LEMATANG ILIR,85086934000
241,11 SUMATERA SELATAN,11 19 KAB. MUSI RAWAS UTARA,86130976000
242,11 SUMATERA SELATAN,11 51 KOTA PALEMBANG,12978270126000
243,11 SUMATERA SELATAN,11 53 KOTA PRABUMULIH,148197407000
244,11 SUMATERA SELATAN,11 54 KOTA PAGAR ALAM,109533576000
245,11 SUMATERA SELATAN,11 55 KOTA LUBUK LINGGAU,179640408000
246,12 LAMPUNG,12 00 LAMPUNG,1022731338000
247,12 LAMPUNG,12 01 KAB. LAMPUNG SELATAN,646548713000
248,12 LAMPUNG,12 02 KAB. LAMPUNG TENGAH,332681727000
249,12 LAMPUNG,12 03 KAB. LAMPUNG UTARA,290321547000
250,12 LAMPUNG,12 04 KAB. LAMPUNG BARAT,156326297000
251,12 LAMPUNG,12 05 KAB. TULANG BAWANG,164464488000
252,12 LAMPUNG,12 06 KAB. TANGGAMUS,266099335000
253,12 LAMPUNG,12 07 KAB. LAMPUNG TIMUR,358058179000
254,12 LAMPUNG,12 08 KAB. WAY KANAN,183919527000
255,12 LAMPUNG,12 09 KAB. PESAWARAN,212259386000
256,12 LAMPUNG,12 10 KAB. PRINGSEWU,171170243000
257,12 LAMPUNG,12 11 KAB. MESUJI,105954809000
258,12 LAMPUNG,12 12 KAB. TULANG BAWANG BARAT,118817490000
259,12 LAMPUNG,12 13 KAB. PESISIR BARAT,73145527000
260,12 LAMPUNG,12 51 KOTA BANDAR LAMPUNG,4949791575000
261,12 LAMPUNG,12 52 KOTA METRO,266793384000
262,13 KALIMANTAN BARAT,13 00 KALIMANTAN BARAT,1564369936000
263,13 KALIMANTAN BARAT,13 01 KAB. SAMBAS,356464995000
264,13 KALIMANTAN BARAT,13 02 KAB. SANGGAU,282685847000
265,13 KALIMANTAN BARAT,13 03 KAB. SINTANG,704197490000
266,13 KALIMANTAN BARAT,13 04 KAB. MEMPAWAH,351292128000
267,13 KALIMANTAN BARAT,13 05 KAB. KAPUAS HULU,349055491000
268,13 KALIMANTAN BARAT,13 06 KAB. KETAPANG,352389544000
269,13 KALIMANTAN BARAT,13 07 KAB. BENGKAYANG,166355694000
270,13 KALIMANTAN BARAT,13 08 KAB. LANDAK,170098828000
271,13 KALIMANTAN BARAT,13 09 KAB. MELAWI,131913436000
272,13 KALIMANTAN BARAT,13 10 KAB. SEKADAU,105220143000
273,13 KALIMANTAN BARAT,13 11 KAB. KAYONG UTARA,87762134000
274,13 KALIMANTAN BARAT,13 12 KAB. KUBU RAYA,238289775000
275,13 KALIMANTAN BARAT,13 51 KOTA PONTIANAK,5225030654000
276,13 KALIMANTAN BARAT,13 52 KOTA SINGKAWANG,297903178000
277,14 KALIMANTAN TENGAH,14 00 KALIMANTAN TENGAH,633079860000
278,14 KALIMANTAN TENGAH,14 01 KAB. KAPUAS,258694230000
279,14 KALIMANTAN TENGAH,14 02 KAB. BARITO UTARA,156388607000
280,14 KALIMANTAN TENGAH,14 03 KAB. BARITO SELATAN,133758048000
281,14 KALIMANTAN TENGAH,14 04 KAB. KOTAWARINGIN TIMUR,380069517000
282,14 KALIMANTAN TENGAH,14 05 KAB. KOTAWARINGIN BARAT,280170925000
283,14 KALIMANTAN TENGAH,14 06 KAB. KATINGAN,138817367000
284,14 KALIMANTAN TENGAH,14 07 KAB. SERUYAN,124530042000
285,14 KALIMANTAN TENGAH,14 08 KAB. SUKAMARA,102467310000
286,14 KALIMANTAN TENGAH,14 09 KAB. LAMANDAU,98155469000
287,14 KALIMANTAN TENGAH,14 10 KAB. GUNUNG MAS,119260062000
288,14 KALIMANTAN TENGAH,14 11 KAB. PULANG PISAU,131292059000
289,14 KALIMANTAN TENGAH,14 12 KAB. MURUNG RAYA,98369514000
290,14 KALIMANTAN TENGAH,14 13 KAB. BARITO TIMUR,156812680000
291,14 KALIMANTAN TENGAH,14 51 KOTA PALANGKARAYA,3274727578000
292,15 KALIMANTAN SELATAN,15 00 KALIMANTAN SELATAN,1206462304000
293,15 KALIMANTAN SELATAN,15 01 KAB. BANJAR,368214238000
294,15 KALIMANTAN SELATAN,15 02 KAB. TANAH LAUT,334273577000
295,15 KALIMANTAN SELATAN,15 03 KAB. TAPIN,176842351000
296,15 KALIMANTAN SELATAN,15 04 KAB. HULU SUNGAI SELATAN,251764047000
297,15 KALIMANTAN SELATAN,15 05 KAB. HULU SUNGAI TENGAH,267569110000
298,15 KALIMANTAN SELATAN,15 06 KAB. BARITO KUALA,229097369000
299,15 KALIMANTAN SELATAN,15 07 KAB. TABALONG,252570899000
300,15 KALIMANTAN SELATAN,15 08 KAB. KOTABARU,315507100000
301,15 KALIMANTAN SELATAN,15 09 KAB. HULU SUNGAI UTARA,267125524000
302,15 KALIMANTAN SELATAN,15 10 KAB. TANAH BUMBU,219174109000
303,15 KALIMANTAN SELATAN,15 11 KAB. BALANGAN,145943312000
304,15 KALIMANTAN SELATAN,15 51 KOTA BANJARMASIN,3905836649000
305,15 KALIMANTAN SELATAN,15 52 KOTA BANJARBARU,746506114000
306,16 KALIMANTAN TIMUR,16 00 KALIMANTAN TIMUR,10849932980000
307,16 KALIMANTAN TIMUR,16 02 KAB. P A S E R,222143042000
308,16 KALIMANTAN TIMUR,16 04 KAB. B E R A U,293456546000
309,16 KALIMANTAN TIMUR,16 07 KAB. KUTAI BARAT,217569434000
310,16 KALIMANTAN TIMUR,16 08 KAB. KUTAI TIMUR,165141882000
311,16 KALIMANTAN TIMUR,16 09 KAB. PENAJAM PASER UTARA,19736105817000
312,16 KALIMANTAN TIMUR,16 10 KAB. KUTAI KERTANEGARA,318083004000
313,16 KALIMANTAN TIMUR,16 11 TENGGARONG,8067507000
314,16 KALIMANTAN TIMUR,16 13 KAB. MAHAKAM ULU,40970109000
315,16 KALIMANTAN TIMUR,16 51 KOTA SAMARINDA,10094959333000
316,16 KALIMANTAN TIMUR,16 52 KOTA BALIKPAPAN,2668004903000
317,16 KALIMANTAN TIMUR,16 53 KOTA TARAKAN (pindah ke 35.51),1750000000
318,16 KALIMANTAN TIMUR,16 54 KOTA BONTANG,194129879000
319,17 SULAWESI UTARA,17 00 SULAWESI UTARA,880642782000
320,17 SULAWESI UTARA,17 02 KAB. MINAHASA,525065528000
321,17 SULAWESI UTARA,17 03 KAB. BOLAANG MONGONDOW,262882017000
322,17 SULAWESI UTARA,17 04 KAB. KEPULAUAN SANGIHE,340557354000
323,17 SULAWESI UTARA,17 05 KAB. KEPULAUAN TALAUD,167553913000
324,17 SULAWESI UTARA,17 06 KAB. MINAHASA SELATAN,268174844000
325,17 SULAWESI UTARA,17 08 KAB. MINAHASA UTARA,162193748000
326,17 SULAWESI UTARA,17 09 KAB. KEP.SANGIHE TALAUD,110598563000
327,17 SULAWESI UTARA,17 10 KAB. MINAHASA TENGGARA,102694079000
328,17 SULAWESI UTARA,17 11 KAB. BOLAANG MONGONDOW UTARA,73478763000
329,17 SULAWESI UTARA,17 12 KAB. KEP. SIAU TAGULANDANG BIARO,68753624000
330,17 SULAWESI UTARA,17 13 KAB. BOLAANG MONGONDOW SELATAN,66420098000
331,17 SULAWESI UTARA,17 14 KAB. BOLAANG MONGONDOW TIMUR,85053579000
332,17 SULAWESI UTARA,17 51 KOTA MANADO,5546075382000
333,17 SULAWESI UTARA,17 52 KOTA TOMOHON,87265423000
334,17 SULAWESI UTARA,17 53 KOTA BITUNG,500454522000
335,17 SULAWESI UTARA,17 54 KOTA KOTAMOBAGO,123986624000
336,18 SULAWESI TENGAH,18 00 SULAWESI TENGAH,1345409081000
337,18 SULAWESI TENGAH,18 01 KAB. P O S O,325078100000
338,18 SULAWESI TENGAH,18 02 KAB. DONGGALA,196035867000
339,18 SULAWESI TENGAH,18 03 KAB. TOLI-TOLI,267484115000
340,18 SULAWESI TENGAH,18 04 KAB. BANGGAI,443160207000
341,18 SULAWESI TENGAH,18 05 KAB. B U O L,157303163000
342,18 SULAWESI TENGAH,18 06 KAB. MOROWALI,139990307000
343,18 SULAWESI TENGAH,18 07 KAB. BANGGAI KEPULAUAN,114033119000
344,18 SULAWESI TENGAH,18 08 KAB. PARIGI MOUTONG,251050230000
345,18 SULAWESI TENGAH,18 09 KAB. TOJO UNA-UNA,196063647000
346,18 SULAWESI TENGAH,18 12 KAB. SIGI,164844770000
347,18 SULAWESI TENGAH,18 13 KAB. BANGGAI LAUT,43769178000
348,18 SULAWESI TENGAH,18 14 KAB. MOROWALI UTARA,115792362000
349,18 SULAWESI TENGAH,18 51 KOTA PALU,4340570629000
350,19 SULAWESI SELATAN,19 00 SULAWESI SELATAN,2759138925000
351,19 SULAWESI SELATAN,19 01 KAB. PINRANG,391142853000
352,19 SULAWESI SELATAN,19 02 KAB. GOWA,739373597000
353,19 SULAWESI SELATAN,19 03 KAB. WAJO,199597379000
354,19 SULAWESI SELATAN,19 05 KAB. BONE,1201750801000
355,19 SULAWESI SELATAN,19 06 KAB. TANATORAJA,240469268000
356,19 SULAWESI SELATAN,19 07 KAB. MAROS,416568904000
357,19 SULAWESI SELATAN,19 09 KAB. LUWU,224170722000
358,19 SULAWESI SELATAN,19 10 KAB. SINJAI,237105705000
359,19 SULAWESI SELATAN,19 11 KAB. BULUKUMBA,279554201000
360,19 SULAWESI SELATAN,19 12 KAB. BANTAENG,220390579000
361,19 SULAWESI SELATAN,19 13 KAB. JENEPONTO,213533977000
362,19 SULAWESI SELATAN,19 14 KAB. KEPULAUAN SELAYAR,242734634000
363,19 SULAWESI SELATAN,19 15 KAB. TAKALAR,311036836000
364,19 SULAWESI SELATAN,19 16 KAB. BARRU,191861789000
365,19 SULAWESI SELATAN,19 17 KAB. SIDENRENG RAPPANG,195892367000
366,19 SULAWESI SELATAN,19 18 KAB. PANGKAJENE KEPULAUAN,335864862000
367,19 SULAWESI SELATAN,19 19 KAB. SOPPENG,161927293000
368,19 SULAWESI SELATAN,19 21 KAB. ENREKANG,173392998000
369,19 SULAWESI SELATAN,19 22 KAB. LUWU UTARA,217415092000
370,19 SULAWESI SELATAN,19 24 KAB. LUWU TIMUR,161674809000
371,19 SULAWESI SELATAN,19 25 KAB. TORAJA UTARA,112970834000
372,19 SULAWESI SELATAN,19 51 KOTA MAKASSAR,12886852827000
373,19 SULAWESI SELATAN,19 52 KOTA PARE-PARE,664853318000
374,19 SULAWESI SELATAN,19 53 KOTA PALOPO,363349207000
375,20 SULAWESI TENGGARA,20 00 SULAWESI TENGGARA,784696688000
376,20 SULAWESI TENGGARA,20 02 KAB. BUTON,238601247000
377,20 SULAWESI TENGGARA,20 03 KAB. MUNA,247073234000
378,20 SULAWESI TENGGARA,20 04 KAB. KOLAKA,354409930000
379,20 SULAWESI TENGGARA,20 05 KAB. KONAWE SELATAN,247269227000
380,20 SULAWESI TENGGARA,20 06 KAB. BOMBANA,127461809000
381,20 SULAWESI TENGGARA,20 07 KAB. WAKATOBI,218646728000
382,20 SULAWESI TENGGARA,20 08 KAB. KOLAKA UTARA,106671867000
383,20 SULAWESI TENGGARA,20 09 KAB. KONAWE,246273012000
384,20 SULAWESI TENGGARA,20 10 KAB. KONAWE UTARA,72025081000
385,20 SULAWESI TENGGARA,20 11 KAB. BUTON UTARA,56311256000
386,20 SULAWESI TENGGARA,20 12 KAB. KOLAKA TIMUR,95415607000
387,20 SULAWESI TENGGARA,20 13 KAB. KONAWE KEPULAUAN,23077253000
388,20 SULAWESI TENGGARA,20 51 KOTA KENDARI,4114208792000
389,20 SULAWESI TENGGARA,20 52 KOTA BAU-BAU,220868789000
390,20 SULAWESI TENGGARA,20 53 KAB. MUNA BARAT,38440507000
391,20 SULAWESI TENGGARA,20 54 KAB. BUTON SELATAN,43351342000
392,20 SULAWESI TENGGARA,20 55 KAB. BUTON TENGAH,74659353000
393,21 MALUKU,21 00 MALUKU,1029860817000
394,21 MALUKU,21 01 KAB. MALUKU TENGAH,540016934000
395,21 MALUKU,21 02 KAB. MALUKU TENGGARA,573548982000
396,21 MALUKU,21 03 KAB. KEPULAUAN TANIMBAR,247051143000
397,21 MALUKU,21 04 KAB. PULAU BURU,187229635000
398,21 MALUKU,21 05 KAB. KEPULAUAN ARU,212176881000
399,21 MALUKU,21 06 KAB. SERAM BAGIAN BARAT,279945885000
400,21 MALUKU,21 07 KAB. SERAM BAGIAN TIMUR,241223364000
401,21 MALUKU,21 09 KAB. MALUKU BARAT DAYA,190853064000
402,21 MALUKU,21 10 KAB. BURU SELATAN,118529218000
403,21 MALUKU,21 51 KOTA AMBON,5615200176000
404,21 MALUKU,21 52 KOTA TUAL,100878629000
405,22 BALI,22 00 BALI,452644950000
406,22 BALI,22 01 KAB. BULELENG,806489503000
407,22 BALI,22 02 KAB. JEMBRANA,331341241000
408,22 BALI,22 03 KAB. KLUNGKUNG,176813683000
409,22 BALI,22 04 KAB. GIANYAR,292495590000
410,22 BALI,22 05 KAB. KARANGASEM,268146352000
411,22 BALI,22 06 KAB. BANGLI,173232544000
412,22 BALI,22 07 KAB. BADUNG,636415393000
413,22 BALI,22 08 KAB. TABANAN,281235437000
414,22 BALI,22 51 KOTA DENPASAR,8576261125000
415,23 NUSA TENGGARA BARAT,23 00 NUSA TENGGARA BARAT,1361826864000
416,23 NUSA TENGGARA BARAT,23 01 KAB. LOMBOK BARAT,307928611000
417,23 NUSA TENGGARA BARAT,23 02 KAB. LOMBOK TENGAH,515201286000
418,23 NUSA TENGGARA BARAT,23 03 KAB. LOMBOK TIMUR,510561480000
419,23 NUSA TENGGARA BARAT,23 04 KAB. B I M A,317331177000
420,23 NUSA TENGGARA BARAT,23 05 KAB. SUMBAWA,341533621000
421,23 NUSA TENGGARA BARAT,23 06 KAB. DOMPU,199191672000
422,23 NUSA TENGGARA BARAT,23 07 KAB. SUMBAWA BARAT,118704848000
423,23 NUSA TENGGARA BARAT,23 08 KAB. LOMBOK UTARA,107245159000
424,23 NUSA TENGGARA BARAT,23 51 KOTA MATARAM,4259410023000
425,23 NUSA TENGGARA BARAT,23 52 KOTA BIMA,270213070000
426,24 NUSA TENGGARA TIMUR,24 00 NUSA TENGGARA TIMUR,1437830950000
427,24 NUSA TENGGARA TIMUR,24 01 KAB. KUPANG,480436966000
428,24 NUSA TENGGARA TIMUR,24 02 KAB. B E L U,228337063000
429,24 NUSA TENGGARA TIMUR,24 03 KAB. TIMOR TENGAH UTARA,337401199000
430,24 NUSA TENGGARA TIMUR,24 04 KAB. TIMOR TENGAH SELATAN,183205338000
431,24 NUSA TENGGARA TIMUR,24 05 KAB. A L O R,202436288000
432,24 NUSA TENGGARA TIMUR,24 06 KAB. S I K K A,304048917000
433,24 NUSA TENGGARA TIMUR,24 07 KAB. FLORES TIMUR,189206156000
434,24 NUSA TENGGARA TIMUR,24 08 KAB. E N D E,276459107000
435,24 NUSA TENGGARA TIMUR,24 09 KAB. NGADA,122389584000
436,24 NUSA TENGGARA TIMUR,24 10 KAB. MANGGARAI,290032105000
437,24 NUSA TENGGARA TIMUR,24 11 KAB. SUMBA TIMUR,277523546000
438,24 NUSA TENGGARA TIMUR,24 12 KAB. SUMBA BARAT,131758468000
439,24 NUSA TENGGARA TIMUR,24 13 KAB. LEMBATA,193734012000
440,24 NUSA TENGGARA TIMUR,24 14 KAB. ROTE NDAO,174958761000
441,24 NUSA TENGGARA TIMUR,24 15 KAB. MANGGARAI BARAT,328395020000
442,24 NUSA TENGGARA TIMUR,24 17 KAB. NAGEKEO,95720816000
443,24 NUSA TENGGARA TIMUR,24 18 KAB. SUMBA TENGAH,30046673000
444,24 NUSA TENGGARA TIMUR,24 19 KAB. SUMBA BARAT DAYA,156607901000
445,24 NUSA TENGGARA TIMUR,24 20 MANGGARAI TIMUR,103677513000
446,24 NUSA TENGGARA TIMUR,24 21 KAB. SABU RAIJUA,104416113000
447,24 NUSA TENGGARA TIMUR,24 22 KAB. MALAKA,78928376000
448,24 NUSA TENGGARA TIMUR,24 51 KOTA KUPANG,7274418998000
449,25 PAPUA,25 00 PAPUA,1004187952000
450,25 PAPUA,25 01 KAB. JAYAPURA,485500169000
451,25 PAPUA,25 02 KAB. BIAK NUMFOR,974474024000
452,25 PAPUA,25 04 KAB. KEPULAUAN YAPEN,161005145000
453,25 PAPUA,25 07 KAB. MERAUKE,1179088534000
454,25 PAPUA,25 08 KAB. JAYAWIJAYA,433158275000
455,25 PAPUA,25 09 KAB. PANIAI,57279673000
456,25 PAPUA,25 10 KAB. NABIRE,94391459000
457,25 PAPUA,25 11 KAB. PUNCAK JAYA,215941766000
458,25 PAPUA,25 12 KAB. MIMIKA,341719944000
459,25 PAPUA,25 13 KAB. MAPPI,35088172000
460,25 PAPUA,25 14 KAB. ASMAT,42232726000
461,25 PAPUA,25 15 KAB. BOVEN DIGOEL,155452436000
462,25 PAPUA,25 16 KAB. SARMI,77764041000
463,25 PAPUA,25 17 KAB. KEEROM,144583858000
464,25 PAPUA,25 18 KAB. TOLIKARA,15254696000
465,25 PAPUA,25 19 KAB. PEGUNUNGAN BINTANG,93606103000
466,25 PAPUA,25 20 KAB. MAMBERAMO RAYA,52229904000
467,25 PAPUA,25 23 KAB. WAROPEN,66697498000
468,25 PAPUA,25 24 KAB. YAHUKIMO,75336860000
469,25 PAPUA,25 27 KAB. SUPIORI,55680507000
470,25 PAPUA,25 28 MAMBERAMO TENGAH,16674052000
471,25 PAPUA,25 29 KAB. LANNY JAYA,48409344000
472,25 PAPUA,25 30 DOGIYAI,21767402000
473,25 PAPUA,25 31 YALIMO,31657502000
474,25 PAPUA,25 32 NDUGA,34452695000
475,25 PAPUA,25 33 KAB. PUNCAK,44690540000
476,25 PAPUA,25 35 KAB. INTAN JAYA,22034935000
477,25 PAPUA,25 36 KAB. DEIYAI,19502941000
478,25 PAPUA,25 51 KOTA JAYAPURA,5846026651000
479,26 BENGKULU,26 00 BENGKULU,699658557000
480,26 BENGKULU,26 01 KAB. BENGKULU UTARA,177700506000
481,26 BENGKULU,26 02 KAB. BENGKULU SELATAN,152255852000
482,26 BENGKULU,26 03 KAB. REJANG LEBONG,432186184000
483,26 BENGKULU,26 04 KAB. SELUMA,146495783000
484,26 BENGKULU,26 05 KAB. K A U R,123366282000
485,26 BENGKULU,26 06 KAB. MUKO-MUKO,153049055000
486,26 BENGKULU,26 07 KAB. LEBONG,92609708000
487,26 BENGKULU,26 08 KAB. KEPAHIANG,129519294000
488,26 BENGKULU,26 09 KAB. BENGKULU TENGAH,114342501000
489,26 BENGKULU,26 51 KOTA BENGKULU,2996945073000
490,28 MALUKU UTARA,28 00 MALUKU UTARA,697313877000
491,28 MALUKU UTARA,28 01 KAB. MALUKU UTARA,4836946000
492,28 MALUKU UTARA,28 02 KAB. HALMAHERA TENGAH,102158575000
493,28 MALUKU UTARA,28 03 KAB. HALMAHERA UTARA,236622752000
494,28 MALUKU UTARA,28 04 KAB. HALMAHERA SELATAN,313525688000
495,28 MALUKU UTARA,28 05 KAB. KEPULAUAN SULA,235402557000
496,28 MALUKU UTARA,28 06 KAB. HALMAHERA TIMUR,140253920000
497,28 MALUKU UTARA,28 07 KAB. HALMAHERA BARAT,195281288000
498,28 MALUKU UTARA,28 08 KAB. PULAU MOROTAI,188225145000
499,28 MALUKU UTARA,28 09 KAB. PULAU TALIABU,58643093000
500,28 MALUKU UTARA,28 51 KOTA TERNATE,2705022887000
501,28 MALUKU UTARA,28 52 KOTA TIDORE,10903197000
502,28 MALUKU UTARA,28 53 KOTA TIDORE KEPULAUAN,469293927000
503,29 BANTEN,29 00 BANTEN,2555659859000
504,29 BANTEN,29 01 KAB. SERANG,829150925000
505,29 BANTEN,29 02 KAB. PANDEGLANG,660741274000
506,29 BANTEN,29 03 KAB. LEBAK,481176870000
507,29 BANTEN,29 04 KAB. TANGERANG,1200920831000
508,29 BANTEN,29 51 KOTA TANGERANG,1409376697000
509,29 BANTEN,29 52 KOTA CILEGON,339438029000
510,29 BANTEN,29 53 KOTA SERANG,2742979485000
511,29 BANTEN,29 54 KOTA TANGERANG  SELATAN,830582352000
512,30 KEPULAUAN BANGKA BELITUNG,30 00 BANGKA BELITUNG,395432550000
513,30 KEPULAUAN BANGKA BELITUNG,30 01 KAB. BELITUNG,245890798000
514,30 KEPULAUAN BANGKA BELITUNG,30 02 KAB. BANGKA,274078775000
515,30 KEPULAUAN BANGKA BELITUNG,30 03 KAB. BANGKA BARAT,122947720000
516,30 KEPULAUAN BANGKA BELITUNG,30 04 KAB. BANGKA TENGAH,143217706000
517,30 KEPULAUAN BANGKA BELITUNG,30 05 KAB. BANGKA SELATAN,104761415000
518,30 KEPULAUAN BANGKA BELITUNG,30 06 KAB. BELITUNG TIMUR,103048714000
519,30 KEPULAUAN BANGKA BELITUNG,30 51 KOTA PANGKALPINANG,1856953417000
520,31 GORONTALO,31 00 GORONTALO,1270964211000
521,31 GORONTALO,31 01 KAB. GORONTALO,459528945000
522,31 GORONTALO,31 02 KAB. BOALEMO,145027103000
523,31 GORONTALO,31 03 KAB. PAHUWATO,136195858000
524,31 GORONTALO,31 04 KAB. BONE BOLANGO,194922669000
525,31 GORONTALO,31 07 KAB. GORONTALO UTARA,190284232000
526,31 GORONTALO,31 51 KOTA GORONTALO,3901159863000
527,32 KEPULAUAN RIAU,32 00 KEPULAUAN RIAU,510358269000
528,32 KEPULAUAN RIAU,32 01 KAB. BINTAN,232229942000
529,32 KEPULAUAN RIAU,32 02 KAB. KARIMUN,225143805000
530,32 KEPULAUAN RIAU,32 03 KAB. NATUNA,255547829000
531,32 KEPULAUAN RIAU,32 04 KAB. LINGGA,149963058000
532,32 KEPULAUAN RIAU,32 05 KAB. ANAMBAS,160421900000
533,32 KEPULAUAN RIAU,32 51 KOTA BATAM,5236421900000
534,32 KEPULAUAN RIAU,32 52 KOTA TANJUNG PINANG,2312912645000
535,33 PAPUA BARAT,33 00 PAPUA BARAT,2234567779000
536,33 PAPUA BARAT,33 01 KAB. MANOKWARI,2463349917000
537,33 PAPUA BARAT,33 02 KAB. SORONG,260999849000
538,33 PAPUA BARAT,33 03 KAB. FAK FAK,547276308000
539,33 PAPUA BARAT,33 04 KAB. SORONG SELATAN,84937684000
540,33 PAPUA BARAT,33 05 KAB. RAJA AMPAT,115841013000
541,33 PAPUA BARAT,33 06 KAB. TELUK BINTUNI,335309435000
542,33 PAPUA BARAT,33 07 KAB. TELUK WONDAMA,96431217000
543,33 PAPUA BARAT,33 08 KAB. KAIMANA,194916133000
544,33 PAPUA BARAT,33 09 KAB. TAMBRAUW,58056733000
545,33 PAPUA BARAT,33 10 KAB. MAYBRAT,91325002000
546,33 PAPUA BARAT,33 11 KAB. PEGUNUNGAN ARFAK,41350968000
547,33 PAPUA BARAT,33 12 KAB. MANOKWARI SELATAN,121325707000
548,33 PAPUA BARAT,33 51 KOTA SORONG,1312025364000
549,34 SULAWESI BARAT,34 00 PROP. SULAWESI BARAT,1150174528000
550,34 SULAWESI BARAT,34 01 KAB. MAJENE,513388171000
551,34 SULAWESI BARAT,34 02 KAB. MAMUJU,905257631000
552,34 SULAWESI BARAT,34 03 KAB. PASANGKAYU,140238875000
553,34 SULAWESI BARAT,34 04 KAB. POLEWALI MANDAR,308469559000
554,34 SULAWESI BARAT,34 05 KAB. MAMASA,141582856000
555,34 SULAWESI BARAT,34 06 KAB. MAMUJU TENGAH,109432235000
556,34 SULAWESI BARAT,34 51 MAMUJU,1519115120000
557,35 KALIMANTAN UTARA,35 00 KALIMANTAN UTARA,491396540000
558,35 KALIMANTAN UTARA,35 01 KAB. BULUNGAN,1545916656000
559,35 KALIMANTAN UTARA,35 02 KAB. NUNUKAN,375020758000
560,35 KALIMANTAN UTARA,35 03 KAB. MALINAU,182567079000
561,35 KALIMANTAN UTARA,35 04 KAB. TANA TIDUNG,30153285000
562,35 KALIMANTAN UTARA,35 51 KOTA TARAKAN,1159933352000
563,36 PAPUA SELATAN,36 00 PAPUA SELATAN,16516646000
564,36 PAPUA SELATAN,36 01 KAB. MERAUKE,543563731000
565,36 PAPUA SELATAN,36 02 KAB. BOVEN DIGOEL,147457299000
566,36 PAPUA SELATAN,36 03 KAB. MAPPI,89239712000
567,36 PAPUA SELATAN,36 04 KAB. ASMAT,96800395000
568,37 PAPUA TENGAH,37 00 PAPUA TENGAH,20547949000
569,37 PAPUA TENGAH,37 01 KAB. MIMIKA,502217688000
570,37 PAPUA TENGAH,37 02 KAB. NABIRE,484966526000
571,37 PAPUA TENGAH,37 03 KAB. PANIAI,43929034000
572,37 PAPUA TENGAH,37 04 KAB. PUNCAK JAYA,58339446000
573,37 PAPUA TENGAH,37 05 KAB. PUNCAK,162967378000
574,37 PAPUA TENGAH,37 06 KAB. DOGIYAI,23284558000
575,37 PAPUA TENGAH,37 07 KAB. INTAN JAYA,28789359000
576,37 PAPUA TENGAH,37 08 KAB. DEIYAI,30744392000
577,38 PAPUA PEGUNUNGAN,38 00 PAPUA PEGUNUNGAN,12089563000
578,38 PAPUA PEGUNUNGAN,38 01 KAB. JAYAWIJAYA,612255695000
579,38 PAPUA PEGUNUNGAN,38 02 KAB. YAHUKIMO,209196780000
580,38 PAPUA PEGUNUNGAN,38 03 KAB. TOLIKARA,94322341000
581,38 PAPUA PEGUNUNGAN,38 04 KAB. MAMBERAMO TENGAH,22696430000
582,38 PAPUA PEGUNUNGAN,38 05 KAB. YALIMO,98587459000
583,38 PAPUA PEGUNUNGAN,38 06 KAB. PEGUNUNGAN BINTANG,248418889000
584,38 PAPUA PEGUNUNGAN,38 07 KAB. LANNY JAYA,46497400000
585,38 PAPUA PEGUNUNGAN,38 08 KAB. NDUGA,13440038000
586,39 PAPUA BARAT DAYA,39 00 PAPUA BARAT DAYA,226940387000
587,39 PAPUA BARAT DAYA,39 02 KAB. SORONG,3828957000
588,39 PAPUA BARAT DAYA,39 03 KAB. SORONG SELATAN,20061676000
589,39 PAPUA BARAT DAYA,39 04 KAB. RAJA AMPAT,19265177000
590,39 PAPUA BARAT DAYA,39 05 KAB. TAMBRAUW,6689986000
591,39 PAPUA BARAT DAYA,39 06 KAB. MAYBRAT,3773180000
592,39 PAPUA BARAT DAYA,39 51 KOTA SORONG,574152293000
